X_CV1,X_CV2,X_CV3
-0.0020575756851804973,0.015353917799451127,0.27208133716781163
-0.0016114328870221774,0.014645827167422317,-0.2850943108591387
-0.00032326771487220805,0.033355184567966545,-0.16816702329372402
0.0030216911243519575,0.012844101104259332,-0.4922192747220689
0.0030943632490166378,0.013539367890127095,-0.5141358237561139
-0.000930766896731443,0.01776418303970076,-0.24006587962678136
-2.063745561443273e-05,0.04401173920989508,-0.09555286000353742
-0.0003320958044446225,0.00468067071577762,-0.3574175744116268
0.0006819963558133342,0.06982013828059647,-0.3117908808830043
-0.00022043518707048475,0.04060120396652475,-0.08188794014884353
0.003320418633711094,0.006650842519557379,-0.3577161453293817
0.0006499138246497233,0.04448541975371391,0.14257883661772758
-0.0020347723687900604,-0.033000542988977595,-0.4086142694970326
-0.0010826252268639632,0.006320384413261032,-0.20508931723667123
-0.0014132989553400758,-0.01328377467266078,-0.5232027892808061
6.716759412181098e-05,0.013846296065461826,-0.45486490396391455
-0.0003411712383852367,0.026454524188033058,-0.13546370722908024
-0.0001351080550644511,0.04410270670040421,-0.5027329487544635
-0.003040059646545657,-0.0169098379878995,-0.11576448597292674
-0.0021231916070893753,0.0922709562071742,0.04498693895374151
0.0007764644490085432,0.06499534814622421,-0.29026193013167134
0.0023951697171629336,0.011596392774116454,-0.741894703676343
-0.0014196275925708588,-0.0005942797382706136,-0.22408382519556352
-0.003346526046576697,-0.09914288368461666,-0.2892182164985627
-0.0022923527049898127,0.0842781155496287,0.04429009343726338
-4.506349408863123e-05,0.05881895769173039,-0.37196881238656687
-0.0013632660057918433,0.00867569618261726,-0.7233526115511287
-0.0004444791178010946,0.025166719786673147,-0.1611036200521966
-0.0010380999068453458,-0.016613271348343908,-0.72557649071847
-0.0025745677072872538,-0.10102727078214409,-0.5429064770872694
0.0009319840596035881,0.04737988246541056,0.2150888732475745
2.9342954546476436e-05,-0.05127199106477501,-0.998584646113355
-0.0009355487595805373,-0.05679789722916071,-0.7380178002766787
-0.0022931873510115704,0.08299975893748765,0.03251483089080606
-8.215441199264429e-05,0.04237342799893068,-0.059055258383128834
0.0009704798681598982,-0.021629016293799506,-0.7697123027853913
0.0008822402477864199,0.04898295135327755,0.1837375519030943
0.0008013225617290487,0.07356410645720927,-0.19268160468937637
-0.0002613875546791611,0.034831414278197775,-0.07822474877310785
-0.002692289847098199,-0.009152362162069856,-0.10275153782671284
-0.0012078884715491782,0.023636879196472248,-0.15739895779992055
-0.0005055489447281734,0.03539996127621671,-0.04499672005764639
-0.000162005513905125,0.04093133468497555,-0.007387374605489351
-0.002089658455703303,0.04562505050450952,0.06397576761451819
-0.0001573097979137125,0.04133221020591576,-0.004496727041988608
-0.0031604387568501474,0.008855111016081198,-0.15493382607711756
-0.003425410862579994,-0.14694323964101752,-0.22350437862020875
0.002055332940370623,-0.0002214106423163079,-1.0797311760035304
-0.002777743493969433,-0.009494546445655911,-0.07251764418803518
-0.00016531335754420176,0.04912600020170608,-0.33480857910481726
-0.003008379074788166,0.006192532906627971,-0.06513035672183186
-0.0015060920912735208,0.10973355297764953,0.3767510816496191
-0.0007335842953531735,-0.018866245172020457,-0.6738542611320212
0.0029988041322614855,0.012083783616585759,-0.41545879970506666
-0.00033877796067572534,0.032884380486946335,-0.07317365541867504
8.478074689787188e-05,0.03692300273097225,0.08453736168174047
0.0008630134501922315,0.049350423781054864,0.18933080887655993
-0.001604706830609829,0.10163359253646688,0.3415298208385574
-0.00215656983081262,0.06092821357236808,0.1423074349485896
0.0001391537832057529,0.06168392920783187,-0.2979915276189899
-0.0031760658810447958,0.013543564110346356,-0.12015941950814667
-0.0005087566844846773,0.02525741083325803,-0.06925358273203602
0.0029873584175800537,-0.0017604424618796297,-0.30389208210083773
0.0047325905493663615,-0.04287858285126266,-0.9919511134544471
-0.00041538716686431547,0.017673526227996426,-0.0773552021836236
-0.000463542048017364,0.0344171161220729,-0.08554242578090494
0.0007901429776064902,0.07374850485384533,-0.16019134364611043
-2.1170934491771663e-05,-0.0006224029101731043,-0.4535664740114952
1.2685172461702465e-06,0.02513993362177414,-0.4579328419339784
-2.847097776893196e-05,0.04364354139941766,-0.024728631777165378
-0.00021329319096968568,0.040671837307711164,-0.06817682316757462
0.0019134487269777689,-0.00012213642315518947,-0.5774862264313204
-4.878506755474161e-05,0.03808153872964733,-0.453739876086052
-0.0013523091835298416,-0.00356778239104253,-0.21977783813013158
-0.0016650004859543276,0.014490469940934883,-0.20922537055953996
-9.444222381900271e-05,0.03832225251267136,-0.44099957803895157
0.0004951447686707269,-0.028594866144989455,-0.8443199482598686
0.0007045769819413149,0.06976336420451586,-0.18950420718023453
0.00022553247787465976,0.03910501680247296,0.1366812143493375
0.00036342241983752755,0.05798831927089921,-0.19344522226501323
-0.0011065150807007475,0.025669528699555053,-0.1569668347096959
0.0006787620176851277,0.07184989412687426,-0.11903910103212317
-0.0006038920108015999,0.026588424227841564,-0.006640745463829496
0.0009162068991950389,0.04521398728512068,0.29719459550356125
-0.00044537249564270307,0.0320571637665428,-0.47440816668860986
0.0001722167536776275,0.03019126173563588,0.20336091680078605
-0.0005572333653024685,0.038079461041554644,-0.42827565089848263
-0.00015114332071201658,0.04071159293271613,0.017030639279719127
0.0009083843382801895,0.04172211331009486,0.2505313722758178
0.000646980680747945,0.0627184181958785,-0.135362467713871
-0.0002735042114327693,0.035441537010788324,-0.3947478029583738
0.0005810080722655859,0.058299588059319694,-0.2047001196288705
-0.0018383699807507012,0.0953108610887093,0.3707123095606876
-0.0003419165741869899,0.025871286742548866,-0.3906504158979713
0.0001203231184920475,0.062300652769495445,-0.17462306714462866
-0.00011134136698628765,0.018860969538568556,-0.41299139575032107
-0.00026957709561725024,0.03635288074126616,0.021819943803921816
-0.0006933067651301705,0.03209842082503468,-0.0324052337897039
-0.00028534086493639803,0.03911609866112178,-0.0026281461352959026
-0.002432654575765254,0.08384536930547705,0.1975003362329833
-0.005694182235064975,-0.16325769175810603,-0.05984702103303118
-0.004284734849547142,-0.12216621661917998,-0.205074051996217
-0.0043461081595890065,-0.2072554034116853,-0.6827222043407961
-0.003805376616702612,-0.10973682309228669,-0.09989473759663012
-0.0029573679352438336,-0.13984698869161213,-0.38050603295529994
-0.005007353959962633,-0.04157235360704917,0.12237999852994268
-0.0044916732741273726,-0.09781393713788657,0.17278674236853303
-0.005351629036555902,-0.5530815077105022,-0.11139432208953493
-0.0025504148732187386,-0.15572306421374535,-0.44482838710365136
-0.003070825151368251,-0.05433553147920343,0.07850904122764249
-0.0029400337253916112,-0.026510130245700873,-0.38850688276010786
-0.004509618299780484,-0.04547843718211941,0.13891854520979696
-0.002396905031527965,0.04809071883659328,-0.5555685375744519
-0.004641750089149918,0.014692152780258472,0.05630559267488091
-0.002456388704607358,0.03155332558205285,-0.4244257062667247
0.0021685068669419403,0.10244041091894113,-0.06006045175343879
0.0012792715985627163,0.0991701776571501,-0.13098186347013566
-0.004677514674627723,-0.13250585589452568,0.08972600584477174
-0.001926634922103768,0.030776355830928824,-0.08498228156767512
-0.001366288698157817,0.12907814611416668,0.09732951655309409
-0.0013755800355926273,0.11821336497484307,0.03665253632448152
-0.0017814123311264338,0.08226986228935736,0.04267109633027376
-0.002676532670829521,0.04377244698445029,0.04178926352348889
-0.002160588224534684,0.07859631265373271,-0.17956262918643992
0.0002998228314628166,0.09919226864817778,-0.3219351744088403
-0.0022215413025926676,0.03858411129471955,0.12012154522420283
-0.0022329846323285852,-0.023028952987633484,-0.0246037722946044
-0.0006757161002228372,-0.0047025714325055175,-0.15826844455583874
-0.0003695411849809771,0.027408081137216187,-0.33046128191956176
0.001424660822127468,0.06598507334020548,0.29428381899487926
0.0036943900628569593,0.042533479625569436,-0.4114210633248244
0.0009298802164918234,-0.03537513188608483,-0.6812669117777486
0.0009598200316821998,0.061216375774826734,0.360784103846969
-0.001415597467140173,0.0002886098084894073,-0.26980550339884396
-0.00020183805561690914,0.05797369127720972,-0.17705921575803343
0.0007159632229568933,0.0582505393773644,0.16223137802084206
-0.00017351730913139983,0.04653460245923351,0.08279203456698825
0.000332203369065547,0.056905900140129466,0.09876588752675312
0.0030176562058391,0.001258995928116033,-0.10393431358852888
-0.0016346248123356045,0.10934733662701675,0.6659192928552493
-0.0018382366835339363,0.10029135248719984,0.6504503491771578
0.00023680847660597913,0.060814018605050986,0.1674718004494289
-0.001916927043072525,0.07854378291805537,0.5739818129366142
0.0001579955170117289,0.04805712526807197,0.20368503941474875
0.003243978993895416,0.025557509052450262,-0.16809060000028606
0.0008832174967274012,0.021054405263114657,0.5815564447755479
0.0010052622952479813,0.05722414902014424,0.556301899826169
0.0024277134480778025,-0.01312253712622322,0.0781196211880329
-0.0020118758039515657,0.08680437747040173,0.7411090230324742
0.003356523396718767,-0.07762354555391857,0.45485641932959187
0.005311281869931094,-0.13941437325294467,0.1092441199286223
0.0030880061400705076,-0.14105637527360346,0.6704972994984549
0.0035556903488446175,-0.0631431756917261,0.44490998548548555
0.0008923577964257411,-0.03533330414713805,0.8965105430369886
-0.00022612130857201673,0.0052257679722912224,0.6463974457702731
0.0012188398061447848,-0.0048063616271515,1.1103300818077682
0.004507150858434642,-0.12204895690086745,0.7519354548816322
0.0007390787124812503,-0.04484206889301537,1.0893307649925017
0.0033727353610943063,-0.04375718602749395,0.586726565818655
-0.006460331518658687,0.11374015824005747,0.826216370915602
-0.007287922325278572,-0.6065035765150029,0.955151063346967
-0.005103256004863014,-0.13734617390372175,0.1840944773638429
-0.0030211098951257024,-0.19658371825640214,-0.32313507500924543
-0.0015476457181130263,0.10029424317581175,0.0688956482456313
-0.002735911180490199,-0.19951821095254524,-0.2969217899608829
-0.004579467691953463,0.011362841374824597,0.40897372591533676
0.00040344913322501365,0.08432614122000119,-0.5225511816560278
-0.0006220577340204586,0.05627348071024903,-0.3230625758114191
-0.002446758529878914,0.07251538155257492,0.2111136278532096
-0.004374796933525515,0.13306055895157,0.9477713446474292
-0.0007099184430743656,0.02720688187150936,-0.4215309575136983
0.0003435005433574068,0.056183702409243697,-0.034777175767698267
0.0005155674545565998,0.038913216584172884,0.16926819108448393
0.0005412815625246867,0.060178429589497144,-0.07088027028928208
0.004348761301183955,0.001888862088462183,0.019373974984920717
0.0002501130695570313,0.04930404563274334,-0.0035559785922217777
-0.005985691653145478,0.06662379825111107,1.160662748543261
0.0007439616808414476,0.07974673588423502,-0.03858556303602209
-0.0038026006186957333,0.15396823926549655,1.0513670052932682
0.000708826889520919,0.04228293272696858,0.3227333740388439
0.0012727151381011952,0.05051702940814179,0.4881204251352745
0.0010589883214759158,0.053746553209020526,0.41103251699545007
0.0038437083212455514,-0.03579257123910383,0.23244733389015734
0.001882215606191635,-0.05105636270144577,-0.06832577931580067
0.0025584736118183385,-0.029937472185241645,-0.032171160574423006
0.0027488151805146977,-0.02098018274011499,-0.035737823727964475
0.000520217373244657,0.03745451583979972,0.4449846228432131
0.0045080530575199295,-0.12202092279385006,0.7622540187943164
0.0027310243213090144,-0.013584699975162528,-0.05914684883734171
0.00428170954683375,-0.09004253743164434,-0.5413690717023654
0.0027317147678142255,-0.016541372646399207,-0.020925676298641543
0.0020658567129289308,-0.03351208127139878,-0.04468576498457619
-0.0013210636515836498,0.026772996328150393,1.409927395425322
0.0022381344511243446,-0.06024828999886055,0.08948838386634293
0.0030821911765940803,-0.04509745907653376,0.22222805588326594
0.003186108187605034,-0.04984277687481195,0.27758722945697245
0.003391092806325689,-0.040652884598040714,0.26791888866557917
0.0022493304362669903,-0.03498776497213403,-0.012302238571779108
0.004560748553725874,-0.07546980464135722,-0.5241877302213988
-0.0017448351561234372,0.04556808779935161,1.1538485191777663
0.005436903595680666,-0.10814750322645891,-0.05486294298549428
0.0033721660201303386,-0.06692305302674091,0.4736550906568896
0.002420408813586163,-0.037225615837499046,0.160877955582325
0.003259061670175577,-0.04267200018788172,0.3839526343908252
0.003406541830917978,-0.03559944595315464,0.43719809605495585
0.003524018311210049,-0.028444088122524597,0.4043379247316512
0.0035798515571544773,-0.025551670022028287,0.4325551638368828
0.005515068950838972,-0.10947700917182054,0.04476513927735484
0.0021740657058010966,-0.05522648547500306,0.27449642166282767
0.0031732782362929057,-0.0716968423008996,0.550633955856114
0.005424945520711135,-0.12133279193147813,0.07872019721458705
0.003507507632984501,-0.07245796857298176,0.5785573850748394
0.005866079554140099,-0.08382020999304404,0.02577303941822913
0.003650469379231405,-0.08495380161273962,0.6689920244962699
0.003232631771805725,-0.11015074210643405,0.7588857988316067
0.006217605535786855,-0.17710065558331411,0.48209512899769713
0.0015534390293625649,-0.055539684400216185,0.20229327140362408
0.004782185299917981,-0.10843806516730344,-0.024008250613796075
