Y_CV1,Y_CV2,Y_CV3
-0.46354574830975126,0.12846433813289151,-0.011603795933914893
-2.271921351442355,-0.07340138955641569,0.03536710923607017
-0.4981499174082482,-0.05940674175178879,1.0790065367574107
1.7921304267159328,-0.26850301428949663,-0.9987053646795675
0.843032555943334,-0.21645922861214548,-0.7539424997028662
-0.4996339041415543,-0.44198558110980046,-0.5010112694061887
-0.2781032848370491,0.4010396778418811,-0.1870868632173708
0.48209130869693445,-0.6673010156513137,-0.8042291370296621
0.6107109979663523,0.09586259306565177,-0.039654517013083375
-1.117767412618374,0.4070222008315662,-0.09676937549423124
0.5646641626654578,0.1787647141418562,-0.5559233678976174
-0.2859808245522294,0.22593553872209354,2.6371576214846897
0.35456953273893466,0.609400456574822,-0.3890799216892177
0.7902760999096555,0.3904856265820308,-0.5596309156698632
-0.6443795138768525,-2.144198521543991,0.5052015747015604
0.7366535907564732,-0.17787017099642297,-0.7179702881952074
0.8169040617746836,-0.2088207017184279,-0.7425090707621045
-0.12560331964932991,-0.06037436637030024,-0.23484478522551513
-1.4076562423829897,-0.11568323653816592,0.018923914412056975
0.06339877162133911,-0.1038074282871719,-0.5289146372434401
0.7563919576831265,-0.2379665258562374,-0.7386069392839277
0.915697314746316,-0.5842855977839917,0.18930868016266725
-2.0610415235337385,-0.15030356364075978,-0.038420899945090695
-1.1459067277034856,-0.5279988641688519,0.3232696011582571
-0.586879119570673,-0.022100811389503608,0.45687948886319024
-0.21303440433548038,-0.43541139729933165,1.4777128436495057
0.7340071088912653,-0.49819972825942643,-0.8134963169659558
-0.5515870759969977,0.2815133556541711,-0.2687978486417841
0.1954765863342427,-0.8303035238031143,-0.7847837086093105
-0.5656752429150284,-0.06352945412756994,-0.10484262528986557
-0.3458638609011559,0.6805715616652558,0.21553466994063175
0.28100276874036584,-0.1575465359858955,-0.5465419485826272
-0.5939849757356893,-0.00970869144161578,-0.27282135745494945
-0.5366881590506497,0.22949541100583473,0.6859924011888667
-0.16647212156970723,0.16842732845891703,0.17958471619679706
0.4047137526600147,-0.44499219256812567,-0.7143373334031646
-0.6114294395389565,0.4828888455429485,-0.19482208666356501
0.9000464875750545,-0.3900189853737784,-0.8211417004964272
-0.17890763828314407,0.051517010802942055,-0.1406763791312416
-0.5209514267775729,-0.2009735531966984,0.4304295224703314
-1.6410458488878998,-1.1085801856425535,-0.42808865951206815
-1.9112789636126546,-0.7558994049351779,-0.2569215847805439
-1.9373214762014734,-1.0191447723829945,-0.33002982290410104
0.014452814499555653,0.07626535992748634,-0.25296387373116275
-2.0183690523444175,-0.5589508327350567,-0.17185129947506764
-0.5928531249731258,-0.5768743647144635,1.16751083105478
-1.1370883724253282,-0.5882224769004337,0.829253771426386
0.632881048446568,-1.5473053089552844,-0.18895751366616298
-0.35348453693393284,0.01727827556362793,0.6915802384079706
0.48656342904534305,-0.14146987952671264,-0.6468370904285318
-0.9507663745857078,0.9243254323043386,1.3069862516334632
-0.804608959361773,1.3527006805677206,0.11316432273249302
-0.2954113687606422,0.036329007896987495,-0.40584334905395625
1.1719933169110412,0.225912099625278,-0.700838752786124
-0.5414442404520892,0.8563281777696796,-0.09962345296463551
-0.5979050136126898,1.0053871701593387,-0.041118913320164784
-0.30935802299924436,0.7585736046669883,-0.1847856396885962
-0.15984110686557595,0.7909298994861543,1.4482653110814354
-1.1931295772100199,0.8286655073682719,0.048428274805399164
-0.05487102506860802,0.2543686536853178,-0.3978479681172934
-2.0309071747674343,0.9835498140644159,0.29615757494165945
-0.13966599583177536,0.580254220148284,-0.27919811926564997
3.7438250971757108,-1.3235252509679898,-1.7851021718190547
3.6617671712845046,-1.2821847558647699,-1.75287538322212
0.029246627934574318,0.10894007036575432,4.099764253904248
-0.4437990807999911,0.8379076183270154,-0.12860860888993383
-0.9879172667401843,1.1100974999019149,0.08401832562710151
-0.7580300662038943,0.668092796286351,-0.10439259780460024
0.27220245373439356,0.27394460023777245,-0.47035649834982957
-0.491173812649141,0.8945239128474157,-0.10016704886783614
-0.018762915597921193,0.6978428539204715,-0.2723293399975848
1.8330652087042596,-0.23776033571347718,-0.998724282845754
-0.21008263597607293,0.18617927122270095,-0.38092621032464874
-0.9597079596800191,0.1658809630681848,-0.20286981106248878
0.21750081748301173,0.34948196210640686,-0.4345391781771361
-0.6469684956112475,0.6453519543457917,-0.1379008396375139
0.3491730257707266,0.15290836311963463,-0.525398266939947
-0.6151458821804502,0.8912099825207516,-0.07141294177855438
-0.7878100500370985,0.996773420837138,0.001836907207986043
0.4070562078159551,0.31094376039604427,3.9040048651880492
-0.11147965964290035,0.5498240848323785,-0.29520001551096164
-0.0527915669154236,0.9441897392429013,-0.19039969306786084
-0.3921611121338734,1.0491959362823646,-0.07730431198045434
0.035454954661494294,0.9705627022058634,-0.20362121426298344
-1.2153812135680577,-0.1201449928466645,-0.23177412233335426
-0.5439043801501817,1.002532828519173,-0.05495849238273845
-0.4818489862476513,0.5959463597186038,0.9128487225090302
-0.7908355317382726,0.8361667344128706,-0.04585448558137461
-0.26496672109637065,1.0744764461090008,-0.10020305493191725
-0.013806422692776649,0.6623999871068234,-0.28469243656904725
-1.853410596870081,0.8646139825301876,0.21770960626420013
-0.3523131222367706,0.16004023899817602,-0.35468716564621294
-1.3635753386359162,1.1524060152411397,0.18692039810270997
-0.022361197557023392,0.39566621195984525,-0.3630568330769581
-0.5151593987109687,0.9973844158395758,-0.06340825653825079
-0.3416391818822398,-0.08513342018209516,-0.4313433952402653
0.05098960615366635,0.6708364982582955,-0.29770833954788517
-0.3773700671706945,0.9174114438649358,-0.1205825842042891
-0.19870251200951228,0.632869713875939,-0.24921905660800686
-0.9227838703174726,0.8704968635881375,-0.0038415072178278418
-1.8537771113599832,-0.472574602345171,0.4503489153102266
-1.351866963597157,0.13321940610620805,-0.11876204509172986
-1.182743314882686,-2.4806193364950393,-0.7715699621281431
-1.2531995749285079,0.4488476635431525,0.29225742341844985
-0.7910582578274988,-0.18917016663734373,-0.35488766697814006
-1.0077851165206597,-0.8493249808696595,2.96926087299481
-1.2846019727370075,0.15601476260951663,-0.1101810197992674
-1.458492330024732,-0.36764013609728935,0.027508067966733815
-1.381094245685585,-0.744615030836913,0.10631587503355613
-1.397905201915554,0.13804504083109503,-0.1086753961768232
-0.6057769838000339,-0.34751145573907144,-0.43026944615482193
-0.9821184631931089,-1.1017773379630265,-0.23090495284379256
-0.8586417408639481,-0.22384869414346495,-0.34899264549475933
-1.4522292403613541,-0.11186527013141384,0.10595986931351284
-0.8066136845732274,0.11183386402144978,-0.10461386109369068
0.4054304683398566,0.29017385301934007,-0.49750970679853873
-0.06310654880793148,0.4416672102039379,-0.16945844137625593
-1.2283954397656276,0.10894632299939089,0.1398126742403403
-0.9078012128652369,0.27202297179056684,0.1592963092948106
-0.44805953833674034,0.8547673231536079,0.6719250861945201
-0.6841519850387688,0.332346164264501,-0.22270909882112858
-0.7033855202938093,0.4726492792828384,-0.17642012014646796
-0.6024353165203181,0.10529878549316568,0.13142381778445678
-0.8530506467458553,0.3420910150254229,-0.04289128781534874
-0.11703680008786026,0.1296485879491223,-0.4203013467697302
-0.9017897420298234,0.19720537572647812,-0.21072420509865544
-0.8186125333277322,-0.09428330511442906,-0.19496528209334546
-0.10459334155438763,-0.2782718874240495,0.027729746273485956
-0.14098752465017875,0.10144210126039657,-0.35317499338822184
0.28004142693837775,0.19448505651682582,-0.4949165245346769
1.2430011453834775,-0.6966454844352694,0.06917435018792091
0.6475417291680106,-0.09831258752089192,-0.5792927819603192
0.26754413184741577,0.5623297382723563,0.3941834979679906
-0.24966366710697976,-0.21559540832039006,-0.4384035239815609
0.012358236458535884,0.23419191686485966,-0.41968532738981534
-0.035357767638584295,0.20808437035944227,-0.40751961492245364
0.43078143252943124,0.23971770427126024,-0.5155289033890385
0.3895402798256766,-0.14992173230100772,0.108395708315696
0.7873036906295409,0.4752285361273104,-0.4253065831048361
-0.1345944274017103,0.33786744450497613,-0.3527128270401072
-0.6214404342121738,0.22051844654139247,0.8514133475884208
-0.20112148418976633,0.24966120630316008,0.11580545582270317
-0.07580374588508051,0.17924482863944025,0.16500522075141968
0.31316202751867395,0.5795245591190867,0.2704232906396852
0.7612178719872773,0.3608997110514456,0.21002591375304627
0.49992800658831227,-0.17009191931803025,3.5563547745898245
0.3912678045383287,0.13448368207517633,-0.4966045335618389
-0.2717258366351125,-0.6612017467550034,1.4719366101238749
-0.3523417607388871,0.49477230784717174,-0.16131412607870946
1.8222005145783984,-0.7190493762725781,-1.1289608186621747
1.6919852514695055,-0.6040392529307184,-0.9310096547551961
2.4245848852542093,-0.24169950769818532,-1.141816844890173
1.195191073511658,-0.5190496741574148,-0.006901796690977861
0.8082806934228609,0.2740465608378439,-0.598921407966058
0.4510252419693951,-0.2721910417272432,-0.4922122002782128
1.1270593736692724,0.05066930121403169,0.514114393460253
3.9355304441575587,-2.245968464754981,4.235086227022292
-0.1083328936107224,0.43138363517357753,0.27438392655703914
0.6858248196363264,-0.09165671999738205,0.6464801713886084
0.8365772867436545,-0.24543307131670541,-0.7624373080284923
-5.9728330221584445,-8.64410639676965,-1.6601008110256519
-1.2180323679468859,0.3482075765107055,-0.02913043727536233
-0.8181415129811818,0.3189473317694909,-0.10870807599599867
-0.586159304172935,0.40689356413661965,-0.2193455844400752
-0.7891603010574588,0.11698690408194655,-0.26274752128288004
-0.9406058082561347,0.46946682730895345,-0.11954717309136453
-0.06644084193809792,0.24785039505782502,-0.39656884882470056
-0.26183213585292375,0.4031977373393652,-0.29669830268683417
-0.378670675297954,0.5123916154278997,-0.24070081127067466
-1.351866963597157,0.13321940610620805,-0.11876204509172986
-0.2797171817660051,0.5303990351017024,-0.260609304176559
0.08812616028516324,0.2137691863709657,-0.4174119047541424
0.42747706880981373,0.3845162784955703,-0.4743681500942145
0.14940996301849285,0.299786510462962,-0.4243150517994556
1.2106813180737157,0.17869381080037794,-0.562271161949655
-0.12609025210647615,0.15890316339159177,0.5617002683978325
-1.458492330024732,-0.36764013609728935,0.027508067966733815
0.5411491882004987,0.21667598249191367,-0.4916416405674791
-1.397905201915554,0.13804504083109503,-0.1086753961768232
0.25108370315162026,0.5249700799244087,-0.38894927568321064
0.4328173492128389,-0.012772098989306218,-0.5431344711358843
-0.22067340003948963,0.6647594768020872,-0.1354096991636615
1.5414194797139644,-0.11452888836772683,-0.8893012108727555
1.080940501950287,-0.13449986515629636,0.27258590051841775
1.5811292864618685,-0.4243773316932913,-0.8139917246869166
0.5466829120498797,0.12462118380502704,-0.0821276588603258
0.4078935151725677,-0.07044856300549879,-0.032786062123792044
2.2895444238894695,-1.355573146821789,4.433809328945869
2.07395017646749,-0.5902093223254923,-1.1632494437722032
2.0473509773772176,-0.7767691704808074,0.9954414688782106
1.2762014259649985,-0.5203641031936015,-0.18831696822616484
0.7014146952205123,-0.46410070188196373,0.8319728751107669
-0.9078012128652369,0.27202297179056684,0.1592963092948106
1.2247490051144068,0.020467265951623646,-0.7734764435004979
0.18344962800219855,0.08967767748540356,0.6609093651809042
0.6334252856877727,0.24845069460863214,-0.559621409773085
1.3131923708509672,-0.23260473113813757,-0.3479360981867934
0.8362662792823468,0.056863387642645154,-0.6694719375657582
1.4848639390539329,-0.5822988636882094,0.08176295515782264
-0.8530506467458553,0.3420910150254229,-0.04289128781534874
2.6731108956710172,-0.7163752601563942,-1.1067448456742028
1.0391071173089557,0.07669901593581868,-0.5147681283414832
0.3899233073790915,0.13853595695681348,0.750472731365829
0.7183530781492969,0.4337382953670911,-0.4742554426272181
1.5049075395831728,-1.1038456778181627,2.1319194760207694
1.575357247548003,-0.25915161023619737,-0.731592459760259
1.1830157812636233,-0.16481612071657692,-0.7989919334710365
1.0123092645010363,-0.5876103872409489,1.6212366101849713
1.0340592771236932,-0.3607183112734974,0.48653503771850193
1.1806057904044516,-0.06938162021315801,-0.7841917829466789
2.674455174726612,-0.9048912034012914,0.3182416448248166
1.2858055545365614,0.07378811271538202,-0.7674284119490388
2.5508609563194975,-0.8906520744146936,-1.3319768360368853
1.4368330201969557,-0.7619120920665226,4.887584540468501
1.5229116234019535,-0.2923738007722494,0.7237813231190018
1.2405984654632158,0.3707000813069189,-0.6290789107500807
0.6947838408225151,-0.35263215124866887,2.4277181043318516
1.3980343548967415,-0.654661485190791,-1.018535832118646
